balanced_pool,class,rank_in_class,source_kind,source_path,source_index
phaseA_v2_random_open_loop_B150,healthy,0,random_recipe_r0_without_verifier,breeze/runs/recipe_ablation_random_v2_full/healthy_0000_r0.npy,0
phaseA_v2_random_open_loop_B150,healthy,1,random_recipe_r0_without_verifier,breeze/runs/recipe_ablation_random_v2_full/healthy_0001_r0.npy,1
phaseA_v2_random_open_loop_B150,healthy,2,random_recipe_r0_without_verifier,breeze/runs/recipe_ablation_random_v2_full/healthy_0002_r0.npy,2
phaseA_v2_random_open_loop_B150,healthy,3,random_recipe_r0_without_verifier,breeze/runs/recipe_ablation_random_v2_full/healthy_0003_r0.npy,3
phaseA_v2_random_open_loop_B150,healthy,4,random_recipe_r0_without_verifier,breeze/runs/recipe_ablation_random_v2_full/healthy_0004_r0.npy,4
phaseA_v2_random_open_loop_B150,healthy,5,random_recipe_r0_without_verifier,breeze/runs/recipe_ablation_random_v2_full/healthy_0005_r0.npy,5
phaseA_v2_random_open_loop_B150,healthy,6,random_recipe_r0_without_verifier,breeze/runs/recipe_ablation_random_v2_full/healthy_0006_r0.npy,6
phaseA_v2_random_open_loop_B150,healthy,7,random_recipe_r0_without_verifier,breeze/runs/recipe_ablation_random_v2_full/healthy_0007_r0.npy,7
phaseA_v2_random_open_loop_B150,healthy,8,random_recipe_r0_without_verifier,breeze/runs/recipe_ablation_random_v2_full/healthy_0008_r0.npy,8
phaseA_v2_random_open_loop_B150,healthy,9,random_recipe_r0_without_verifier,breeze/runs/recipe_ablation_random_v2_full/healthy_0009_r0.npy,9
phaseA_v2_random_open_loop_B150,healthy,10,random_recipe_r0_without_verifier,breeze/runs/recipe_ablation_random_v2_full/healthy_0010_r0.npy,10
phaseA_v2_random_open_loop_B150,healthy,11,random_recipe_r0_without_verifier,breeze/runs/recipe_ablation_random_v2_full/healthy_0011_r0.npy,11
phaseA_v2_random_open_loop_B150,healthy,12,random_recipe_r0_without_verifier,breeze/runs/recipe_ablation_random_v2_full/healthy_0012_r0.npy,12
phaseA_v2_random_open_loop_B150,healthy,13,random_recipe_r0_without_verifier,breeze/runs/recipe_ablation_random_v2_full/healthy_0013_r0.npy,13
phaseA_v2_random_open_loop_B150,healthy,14,random_recipe_r0_without_verifier,breeze/runs/recipe_ablation_random_v2_full/healthy_0014_r0.npy,14
phaseA_v2_random_open_loop_B150,healthy,15,random_recipe_r0_without_verifier,breeze/runs/recipe_ablation_random_v2_full/healthy_0015_r0.npy,15
phaseA_v2_random_open_loop_B150,healthy,16,random_recipe_r0_without_verifier,breeze/runs/recipe_ablation_random_v2_full/healthy_0016_r0.npy,16
phaseA_v2_random_open_loop_B150,healthy,17,random_recipe_r0_without_verifier,breeze/runs/recipe_ablation_random_v2_full/healthy_0017_r0.npy,17
phaseA_v2_random_open_loop_B150,healthy,18,random_recipe_r0_without_verifier,breeze/runs/recipe_ablation_random_v2_full/healthy_0018_r0.npy,18
phaseA_v2_random_open_loop_B150,healthy,19,random_recipe_r0_without_verifier,breeze/runs/recipe_ablation_random_v2_full/healthy_0019_r0.npy,19
phaseA_v2_random_open_loop_B150,healthy,20,random_recipe_r0_without_verifier,breeze/runs/recipe_ablation_random_v2_full/healthy_0020_r0.npy,20
phaseA_v2_random_open_loop_B150,healthy,21,random_recipe_r0_without_verifier,breeze/runs/recipe_ablation_random_v2_full/healthy_0021_r0.npy,21
phaseA_v2_random_open_loop_B150,healthy,22,random_recipe_r0_without_verifier,breeze/runs/recipe_ablation_random_v2_full/healthy_0022_r0.npy,22
phaseA_v2_random_open_loop_B150,healthy,23,random_recipe_r0_without_verifier,breeze/runs/recipe_ablation_random_v2_full/healthy_0023_r0.npy,23
phaseA_v2_random_open_loop_B150,healthy,24,random_recipe_r0_without_verifier,breeze/runs/recipe_ablation_random_v2_full/healthy_0024_r0.npy,24
phaseA_v2_random_open_loop_B150,healthy,25,random_recipe_r0_without_verifier,breeze/runs/recipe_ablation_random_v2_full/healthy_0025_r0.npy,25
phaseA_v2_random_open_loop_B150,healthy,26,random_recipe_r0_without_verifier,breeze/runs/recipe_ablation_random_v2_full/healthy_0026_r0.npy,26
phaseA_v2_random_open_loop_B150,healthy,27,random_recipe_r0_without_verifier,breeze/runs/recipe_ablation_random_v2_full/healthy_0027_r0.npy,27
phaseA_v2_random_open_loop_B150,healthy,28,random_recipe_r0_without_verifier,breeze/runs/recipe_ablation_random_v2_full/healthy_0028_r0.npy,28
phaseA_v2_random_open_loop_B150,healthy,29,random_recipe_r0_without_verifier,breeze/runs/recipe_ablation_random_v2_full/healthy_0029_r0.npy,29
phaseA_v2_random_open_loop_B150,healthy,30,random_recipe_r0_without_verifier,breeze/runs/recipe_ablation_random_v2_full/healthy_0030_r0.npy,30
phaseA_v2_random_open_loop_B150,healthy,31,random_recipe_r0_without_verifier,breeze/runs/recipe_ablation_random_v2_full/healthy_0031_r0.npy,31
phaseA_v2_random_open_loop_B150,healthy,32,random_recipe_r0_without_verifier,breeze/runs/recipe_ablation_random_v2_full/healthy_0032_r0.npy,32
phaseA_v2_random_open_loop_B150,healthy,33,random_recipe_r0_without_verifier,breeze/runs/recipe_ablation_random_v2_full/healthy_0033_r0.npy,33
phaseA_v2_random_open_loop_B150,healthy,34,random_recipe_r0_without_verifier,breeze/runs/recipe_ablation_random_v2_full/healthy_0034_r0.npy,34
phaseA_v2_random_open_loop_B150,healthy,35,random_recipe_r0_without_verifier,breeze/runs/recipe_ablation_random_v2_full/healthy_0035_r0.npy,35
phaseA_v2_random_open_loop_B150,healthy,36,random_recipe_r0_without_verifier,breeze/runs/recipe_ablation_random_v2_full/healthy_0036_r0.npy,36
phaseA_v2_random_open_loop_B150,healthy,37,random_recipe_r0_without_verifier,breeze/runs/recipe_ablation_random_v2_full/healthy_0037_r0.npy,37
phaseA_v2_random_open_loop_B150,healthy,38,random_recipe_r0_without_verifier,breeze/runs/recipe_ablation_random_v2_full/healthy_0038_r0.npy,38
phaseA_v2_random_open_loop_B150,healthy,39,random_recipe_r0_without_verifier,breeze/runs/recipe_ablation_random_v2_full/healthy_0039_r0.npy,39
phaseA_v2_random_open_loop_B150,healthy,40,random_recipe_r0_without_verifier,breeze/runs/recipe_ablation_random_v2_full/healthy_0040_r0.npy,40
phaseA_v2_random_open_loop_B150,healthy,41,random_recipe_r0_without_verifier,breeze/runs/recipe_ablation_random_v2_full/healthy_0041_r0.npy,41
phaseA_v2_random_open_loop_B150,healthy,42,random_recipe_r0_without_verifier,breeze/runs/recipe_ablation_random_v2_full/healthy_0042_r0.npy,42
phaseA_v2_random_open_loop_B150,healthy,43,random_recipe_r0_without_verifier,breeze/runs/recipe_ablation_random_v2_full/healthy_0043_r0.npy,43
phaseA_v2_random_open_loop_B150,healthy,44,random_recipe_r0_without_verifier,breeze/runs/recipe_ablation_random_v2_full/healthy_0044_r0.npy,44
phaseA_v2_random_open_loop_B150,healthy,45,random_recipe_r0_without_verifier,breeze/runs/recipe_ablation_random_v2_full/healthy_0045_r0.npy,45
phaseA_v2_random_open_loop_B150,healthy,46,random_recipe_r0_without_verifier,breeze/runs/recipe_ablation_random_v2_full/healthy_0046_r0.npy,46
phaseA_v2_random_open_loop_B150,healthy,47,random_recipe_r0_without_verifier,breeze/runs/recipe_ablation_random_v2_full/healthy_0047_r0.npy,47
phaseA_v2_random_open_loop_B150,healthy,48,random_recipe_r0_without_verifier,breeze/runs/recipe_ablation_random_v2_full/healthy_0048_r0.npy,48
phaseA_v2_random_open_loop_B150,healthy,49,random_recipe_r0_without_verifier,breeze/runs/recipe_ablation_random_v2_full/healthy_0049_r0.npy,49
phaseA_v2_random_open_loop_B150,healthy,50,random_recipe_r0_without_verifier,breeze/runs/recipe_ablation_random_v2_full/healthy_0050_r0.npy,50
phaseA_v2_random_open_loop_B150,healthy,51,random_recipe_r0_without_verifier,breeze/runs/recipe_ablation_random_v2_full/healthy_0051_r0.npy,51
phaseA_v2_random_open_loop_B150,healthy,52,random_recipe_r0_without_verifier,breeze/runs/recipe_ablation_random_v2_full/healthy_0052_r0.npy,52
phaseA_v2_random_open_loop_B150,healthy,53,random_recipe_r0_without_verifier,breeze/runs/recipe_ablation_random_v2_full/healthy_0053_r0.npy,53
phaseA_v2_random_open_loop_B150,healthy,54,random_recipe_r0_without_verifier,breeze/runs/recipe_ablation_random_v2_full/healthy_0054_r0.npy,54
phaseA_v2_random_open_loop_B150,healthy,55,random_recipe_r0_without_verifier,breeze/runs/recipe_ablation_random_v2_full/healthy_0055_r0.npy,55
phaseA_v2_random_open_loop_B150,healthy,56,random_recipe_r0_without_verifier,breeze/runs/recipe_ablation_random_v2_full/healthy_0056_r0.npy,56
phaseA_v2_random_open_loop_B150,healthy,57,random_recipe_r0_without_verifier,breeze/runs/recipe_ablation_random_v2_full/healthy_0057_r0.npy,57
phaseA_v2_random_open_loop_B150,healthy,58,random_recipe_r0_without_verifier,breeze/runs/recipe_ablation_random_v2_full/healthy_0058_r0.npy,58
phaseA_v2_random_open_loop_B150,healthy,59,random_recipe_r0_without_verifier,breeze/runs/recipe_ablation_random_v2_full/healthy_0059_r0.npy,59
phaseA_v2_random_open_loop_B150,healthy,60,random_recipe_r0_without_verifier,breeze/runs/recipe_ablation_random_v2_full/healthy_0060_r0.npy,60
phaseA_v2_random_open_loop_B150,healthy,61,random_recipe_r0_without_verifier,breeze/runs/recipe_ablation_random_v2_full/healthy_0061_r0.npy,61
phaseA_v2_random_open_loop_B150,healthy,62,random_recipe_r0_without_verifier,breeze/runs/recipe_ablation_random_v2_full/healthy_0062_r0.npy,62
phaseA_v2_random_open_loop_B150,healthy,63,random_recipe_r0_without_verifier,breeze/runs/recipe_ablation_random_v2_full/healthy_0063_r0.npy,63
phaseA_v2_random_open_loop_B150,healthy,64,random_recipe_r0_without_verifier,breeze/runs/recipe_ablation_random_v2_full/healthy_0064_r0.npy,64
phaseA_v2_random_open_loop_B150,healthy,65,random_recipe_r0_without_verifier,breeze/runs/recipe_ablation_random_v2_full/healthy_0065_r0.npy,65
phaseA_v2_random_open_loop_B150,healthy,66,random_recipe_r0_without_verifier,breeze/runs/recipe_ablation_random_v2_full/healthy_0066_r0.npy,66
phaseA_v2_random_open_loop_B150,healthy,67,random_recipe_r0_without_verifier,breeze/runs/recipe_ablation_random_v2_full/healthy_0067_r0.npy,67
phaseA_v2_random_open_loop_B150,healthy,68,random_recipe_r0_without_verifier,breeze/runs/recipe_ablation_random_v2_full/healthy_0068_r0.npy,68
phaseA_v2_random_open_loop_B150,healthy,69,random_recipe_r0_without_verifier,breeze/runs/recipe_ablation_random_v2_full/healthy_0069_r0.npy,69
phaseA_v2_random_open_loop_B150,healthy,70,random_recipe_r0_without_verifier,breeze/runs/recipe_ablation_random_v2_full/healthy_0070_r0.npy,70
phaseA_v2_random_open_loop_B150,healthy,71,random_recipe_r0_without_verifier,breeze/runs/recipe_ablation_random_v2_full/healthy_0071_r0.npy,71
phaseA_v2_random_open_loop_B150,healthy,72,random_recipe_r0_without_verifier,breeze/runs/recipe_ablation_random_v2_full/healthy_0072_r0.npy,72
phaseA_v2_random_open_loop_B150,healthy,73,random_recipe_r0_without_verifier,breeze/runs/recipe_ablation_random_v2_full/healthy_0073_r0.npy,73
phaseA_v2_random_open_loop_B150,healthy,74,random_recipe_r0_without_verifier,breeze/runs/recipe_ablation_random_v2_full/healthy_0074_r0.npy,74
phaseA_v2_random_open_loop_B150,healthy,75,random_recipe_r0_without_verifier,breeze/runs/recipe_ablation_random_v2_full/healthy_0075_r0.npy,75
phaseA_v2_random_open_loop_B150,healthy,76,random_recipe_r0_without_verifier,breeze/runs/recipe_ablation_random_v2_full/healthy_0076_r0.npy,76
phaseA_v2_random_open_loop_B150,healthy,77,random_recipe_r0_without_verifier,breeze/runs/recipe_ablation_random_v2_full/healthy_0077_r0.npy,77
phaseA_v2_random_open_loop_B150,healthy,78,random_recipe_r0_without_verifier,breeze/runs/recipe_ablation_random_v2_full/healthy_0078_r0.npy,78
phaseA_v2_random_open_loop_B150,healthy,79,random_recipe_r0_without_verifier,breeze/runs/recipe_ablation_random_v2_full/healthy_0079_r0.npy,79
phaseA_v2_random_open_loop_B150,healthy,80,random_recipe_r0_without_verifier,breeze/runs/recipe_ablation_random_v2_full/healthy_0080_r0.npy,80
phaseA_v2_random_open_loop_B150,healthy,81,random_recipe_r0_without_verifier,breeze/runs/recipe_ablation_random_v2_full/healthy_0081_r0.npy,81
phaseA_v2_random_open_loop_B150,healthy,82,random_recipe_r0_without_verifier,breeze/runs/recipe_ablation_random_v2_full/healthy_0082_r0.npy,82
phaseA_v2_random_open_loop_B150,healthy,83,random_recipe_r0_without_verifier,breeze/runs/recipe_ablation_random_v2_full/healthy_0083_r0.npy,83
phaseA_v2_random_open_loop_B150,healthy,84,random_recipe_r0_without_verifier,breeze/runs/recipe_ablation_random_v2_full/healthy_0084_r0.npy,84
phaseA_v2_random_open_loop_B150,healthy,85,random_recipe_r0_without_verifier,breeze/runs/recipe_ablation_random_v2_full/healthy_0085_r0.npy,85
phaseA_v2_random_open_loop_B150,healthy,86,random_recipe_r0_without_verifier,breeze/runs/recipe_ablation_random_v2_full/healthy_0086_r0.npy,86
phaseA_v2_random_open_loop_B150,healthy,87,random_recipe_r0_without_verifier,breeze/runs/recipe_ablation_random_v2_full/healthy_0087_r0.npy,87
phaseA_v2_random_open_loop_B150,healthy,88,random_recipe_r0_without_verifier,breeze/runs/recipe_ablation_random_v2_full/healthy_0088_r0.npy,88
phaseA_v2_random_open_loop_B150,healthy,89,random_recipe_r0_without_verifier,breeze/runs/recipe_ablation_random_v2_full/healthy_0089_r0.npy,89
phaseA_v2_random_open_loop_B150,healthy,90,random_recipe_r0_without_verifier,breeze/runs/recipe_ablation_random_v2_full/healthy_0090_r0.npy,90
phaseA_v2_random_open_loop_B150,healthy,91,random_recipe_r0_without_verifier,breeze/runs/recipe_ablation_random_v2_full/healthy_0091_r0.npy,91
phaseA_v2_random_open_loop_B150,healthy,92,random_recipe_r0_without_verifier,breeze/runs/recipe_ablation_random_v2_full/healthy_0092_r0.npy,92
phaseA_v2_random_open_loop_B150,healthy,93,random_recipe_r0_without_verifier,breeze/runs/recipe_ablation_random_v2_full/healthy_0093_r0.npy,93
phaseA_v2_random_open_loop_B150,healthy,94,random_recipe_r0_without_verifier,breeze/runs/recipe_ablation_random_v2_full/healthy_0094_r0.npy,94
phaseA_v2_random_open_loop_B150,healthy,95,random_recipe_r0_without_verifier,breeze/runs/recipe_ablation_random_v2_full/healthy_0095_r0.npy,95
phaseA_v2_random_open_loop_B150,healthy,96,random_recipe_r0_without_verifier,breeze/runs/recipe_ablation_random_v2_full/healthy_0096_r0.npy,96
phaseA_v2_random_open_loop_B150,healthy,97,random_recipe_r0_without_verifier,breeze/runs/recipe_ablation_random_v2_full/healthy_0097_r0.npy,97
phaseA_v2_random_open_loop_B150,healthy,98,random_recipe_r0_without_verifier,breeze/runs/recipe_ablation_random_v2_full/healthy_0098_r0.npy,98
phaseA_v2_random_open_loop_B150,healthy,99,random_recipe_r0_without_verifier,breeze/runs/recipe_ablation_random_v2_full/healthy_0099_r0.npy,99
phaseA_v2_random_open_loop_B150,healthy,100,random_recipe_r0_without_verifier,breeze/runs/recipe_ablation_random_v2_full/healthy_0100_r0.npy,100
phaseA_v2_random_open_loop_B150,healthy,101,random_recipe_r0_without_verifier,breeze/runs/recipe_ablation_random_v2_full/healthy_0101_r0.npy,101
phaseA_v2_random_open_loop_B150,healthy,102,random_recipe_r0_without_verifier,breeze/runs/recipe_ablation_random_v2_full/healthy_0102_r0.npy,102
phaseA_v2_random_open_loop_B150,healthy,103,random_recipe_r0_without_verifier,breeze/runs/recipe_ablation_random_v2_full/healthy_0103_r0.npy,103
phaseA_v2_random_open_loop_B150,healthy,104,random_recipe_r0_without_verifier,breeze/runs/recipe_ablation_random_v2_full/healthy_0104_r0.npy,104
phaseA_v2_random_open_loop_B150,healthy,105,random_recipe_r0_without_verifier,breeze/runs/recipe_ablation_random_v2_full/healthy_0105_r0.npy,105
phaseA_v2_random_open_loop_B150,healthy,106,random_recipe_r0_without_verifier,breeze/runs/recipe_ablation_random_v2_full/healthy_0106_r0.npy,106
phaseA_v2_random_open_loop_B150,healthy,107,random_recipe_r0_without_verifier,breeze/runs/recipe_ablation_random_v2_full/healthy_0107_r0.npy,107
phaseA_v2_random_open_loop_B150,healthy,108,random_recipe_r0_without_verifier,breeze/runs/recipe_ablation_random_v2_full/healthy_0108_r0.npy,108
phaseA_v2_random_open_loop_B150,healthy,109,random_recipe_r0_without_verifier,breeze/runs/recipe_ablation_random_v2_full/healthy_0109_r0.npy,109
phaseA_v2_random_open_loop_B150,healthy,110,random_recipe_r0_without_verifier,breeze/runs/recipe_ablation_random_v2_full/healthy_0110_r0.npy,110
phaseA_v2_random_open_loop_B150,healthy,111,random_recipe_r0_without_verifier,breeze/runs/recipe_ablation_random_v2_full/healthy_0111_r0.npy,111
phaseA_v2_random_open_loop_B150,healthy,112,random_recipe_r0_without_verifier,breeze/runs/recipe_ablation_random_v2_full/healthy_0112_r0.npy,112
phaseA_v2_random_open_loop_B150,healthy,113,random_recipe_r0_without_verifier,breeze/runs/recipe_ablation_random_v2_full/healthy_0113_r0.npy,113
phaseA_v2_random_open_loop_B150,healthy,114,random_recipe_r0_without_verifier,breeze/runs/recipe_ablation_random_v2_full/healthy_0114_r0.npy,114
phaseA_v2_random_open_loop_B150,healthy,115,random_recipe_r0_without_verifier,breeze/runs/recipe_ablation_random_v2_full/healthy_0115_r0.npy,115
phaseA_v2_random_open_loop_B150,healthy,116,random_recipe_r0_without_verifier,breeze/runs/recipe_ablation_random_v2_full/healthy_0116_r0.npy,116
phaseA_v2_random_open_loop_B150,healthy,117,random_recipe_r0_without_verifier,breeze/runs/recipe_ablation_random_v2_full/healthy_0117_r0.npy,117
phaseA_v2_random_open_loop_B150,healthy,118,random_recipe_r0_without_verifier,breeze/runs/recipe_ablation_random_v2_full/healthy_0118_r0.npy,118
phaseA_v2_random_open_loop_B150,healthy,119,random_recipe_r0_without_verifier,breeze/runs/recipe_ablation_random_v2_full/healthy_0119_r0.npy,119
phaseA_v2_random_open_loop_B150,healthy,120,random_recipe_r0_without_verifier,breeze/runs/recipe_ablation_random_v2_full/healthy_0120_r0.npy,120
phaseA_v2_random_open_loop_B150,healthy,121,random_recipe_r0_without_verifier,breeze/runs/recipe_ablation_random_v2_full/healthy_0121_r0.npy,121
phaseA_v2_random_open_loop_B150,healthy,122,random_recipe_r0_without_verifier,breeze/runs/recipe_ablation_random_v2_full/healthy_0122_r0.npy,122
phaseA_v2_random_open_loop_B150,healthy,123,random_recipe_r0_without_verifier,breeze/runs/recipe_ablation_random_v2_full/healthy_0123_r0.npy,123
phaseA_v2_random_open_loop_B150,healthy,124,random_recipe_r0_without_verifier,breeze/runs/recipe_ablation_random_v2_full/healthy_0124_r0.npy,124
phaseA_v2_random_open_loop_B150,healthy,125,random_recipe_r0_without_verifier,breeze/runs/recipe_ablation_random_v2_full/healthy_0125_r0.npy,125
phaseA_v2_random_open_loop_B150,healthy,126,random_recipe_r0_without_verifier,breeze/runs/recipe_ablation_random_v2_full/healthy_0126_r0.npy,126
phaseA_v2_random_open_loop_B150,healthy,127,random_recipe_r0_without_verifier,breeze/runs/recipe_ablation_random_v2_full/healthy_0127_r0.npy,127
phaseA_v2_random_open_loop_B150,healthy,128,random_recipe_r0_without_verifier,breeze/runs/recipe_ablation_random_v2_full/healthy_0128_r0.npy,128
phaseA_v2_random_open_loop_B150,healthy,129,random_recipe_r0_without_verifier,breeze/runs/recipe_ablation_random_v2_full/healthy_0129_r0.npy,129
phaseA_v2_random_open_loop_B150,healthy,130,random_recipe_r0_without_verifier,breeze/runs/recipe_ablation_random_v2_full/healthy_0130_r0.npy,130
phaseA_v2_random_open_loop_B150,healthy,131,random_recipe_r0_without_verifier,breeze/runs/recipe_ablation_random_v2_full/healthy_0131_r0.npy,131
phaseA_v2_random_open_loop_B150,healthy,132,random_recipe_r0_without_verifier,breeze/runs/recipe_ablation_random_v2_full/healthy_0132_r0.npy,132
phaseA_v2_random_open_loop_B150,healthy,133,random_recipe_r0_without_verifier,breeze/runs/recipe_ablation_random_v2_full/healthy_0133_r0.npy,133
phaseA_v2_random_open_loop_B150,healthy,134,random_recipe_r0_without_verifier,breeze/runs/recipe_ablation_random_v2_full/healthy_0134_r0.npy,134
phaseA_v2_random_open_loop_B150,healthy,135,random_recipe_r0_without_verifier,breeze/runs/recipe_ablation_random_v2_full/healthy_0135_r0.npy,135
phaseA_v2_random_open_loop_B150,healthy,136,random_recipe_r0_without_verifier,breeze/runs/recipe_ablation_random_v2_full/healthy_0136_r0.npy,136
phaseA_v2_random_open_loop_B150,healthy,137,random_recipe_r0_without_verifier,breeze/runs/recipe_ablation_random_v2_full/healthy_0137_r0.npy,137
phaseA_v2_random_open_loop_B150,healthy,138,random_recipe_r0_without_verifier,breeze/runs/recipe_ablation_random_v2_full/healthy_0138_r0.npy,138
phaseA_v2_random_open_loop_B150,healthy,139,random_recipe_r0_without_verifier,breeze/runs/recipe_ablation_random_v2_full/healthy_0139_r0.npy,139
phaseA_v2_random_open_loop_B150,healthy,140,random_recipe_r0_without_verifier,breeze/runs/recipe_ablation_random_v2_full/healthy_0140_r0.npy,140
phaseA_v2_random_open_loop_B150,healthy,141,random_recipe_r0_without_verifier,breeze/runs/recipe_ablation_random_v2_full/healthy_0141_r0.npy,141
phaseA_v2_random_open_loop_B150,healthy,142,random_recipe_r0_without_verifier,breeze/runs/recipe_ablation_random_v2_full/healthy_0142_r0.npy,142
phaseA_v2_random_open_loop_B150,healthy,143,random_recipe_r0_without_verifier,breeze/runs/recipe_ablation_random_v2_full/healthy_0143_r0.npy,143
phaseA_v2_random_open_loop_B150,healthy,144,random_recipe_r0_without_verifier,breeze/runs/recipe_ablation_random_v2_full/healthy_0144_r0.npy,144
phaseA_v2_random_open_loop_B150,healthy,145,random_recipe_r0_without_verifier,breeze/runs/recipe_ablation_random_v2_full/healthy_0145_r0.npy,145
phaseA_v2_random_open_loop_B150,healthy,146,random_recipe_r0_without_verifier,breeze/runs/recipe_ablation_random_v2_full/healthy_0146_r0.npy,146
phaseA_v2_random_open_loop_B150,healthy,147,random_recipe_r0_without_verifier,breeze/runs/recipe_ablation_random_v2_full/healthy_0147_r0.npy,147
phaseA_v2_random_open_loop_B150,healthy,148,random_recipe_r0_without_verifier,breeze/runs/recipe_ablation_random_v2_full/healthy_0148_r0.npy,148
phaseA_v2_random_open_loop_B150,healthy,149,random_recipe_r0_without_verifier,breeze/runs/recipe_ablation_random_v2_full/healthy_0149_r0.npy,149
phaseA_v2_random_open_loop_B150,OR,0,random_recipe_r0_without_verifier,breeze/runs/recipe_ablation_random_v2_full/OR_0000_r0.npy,0
phaseA_v2_random_open_loop_B150,OR,1,random_recipe_r0_without_verifier,breeze/runs/recipe_ablation_random_v2_full/OR_0001_r0.npy,1
phaseA_v2_random_open_loop_B150,OR,2,random_recipe_r0_without_verifier,breeze/runs/recipe_ablation_random_v2_full/OR_0002_r0.npy,2
phaseA_v2_random_open_loop_B150,OR,3,random_recipe_r0_without_verifier,breeze/runs/recipe_ablation_random_v2_full/OR_0003_r0.npy,3
phaseA_v2_random_open_loop_B150,OR,4,random_recipe_r0_without_verifier,breeze/runs/recipe_ablation_random_v2_full/OR_0004_r0.npy,4
phaseA_v2_random_open_loop_B150,OR,5,random_recipe_r0_without_verifier,breeze/runs/recipe_ablation_random_v2_full/OR_0005_r0.npy,5
phaseA_v2_random_open_loop_B150,OR,6,random_recipe_r0_without_verifier,breeze/runs/recipe_ablation_random_v2_full/OR_0006_r0.npy,6
phaseA_v2_random_open_loop_B150,OR,7,random_recipe_r0_without_verifier,breeze/runs/recipe_ablation_random_v2_full/OR_0007_r0.npy,7
phaseA_v2_random_open_loop_B150,OR,8,random_recipe_r0_without_verifier,breeze/runs/recipe_ablation_random_v2_full/OR_0008_r0.npy,8
phaseA_v2_random_open_loop_B150,OR,9,random_recipe_r0_without_verifier,breeze/runs/recipe_ablation_random_v2_full/OR_0009_r0.npy,9
phaseA_v2_random_open_loop_B150,OR,10,random_recipe_r0_without_verifier,breeze/runs/recipe_ablation_random_v2_full/OR_0010_r0.npy,10
phaseA_v2_random_open_loop_B150,OR,11,random_recipe_r0_without_verifier,breeze/runs/recipe_ablation_random_v2_full/OR_0011_r0.npy,11
phaseA_v2_random_open_loop_B150,OR,12,random_recipe_r0_without_verifier,breeze/runs/recipe_ablation_random_v2_full/OR_0012_r0.npy,12
phaseA_v2_random_open_loop_B150,OR,13,random_recipe_r0_without_verifier,breeze/runs/recipe_ablation_random_v2_full/OR_0013_r0.npy,13
phaseA_v2_random_open_loop_B150,OR,14,random_recipe_r0_without_verifier,breeze/runs/recipe_ablation_random_v2_full/OR_0014_r0.npy,14
phaseA_v2_random_open_loop_B150,OR,15,random_recipe_r0_without_verifier,breeze/runs/recipe_ablation_random_v2_full/OR_0015_r0.npy,15
phaseA_v2_random_open_loop_B150,OR,16,random_recipe_r0_without_verifier,breeze/runs/recipe_ablation_random_v2_full/OR_0016_r0.npy,16
phaseA_v2_random_open_loop_B150,OR,17,random_recipe_r0_without_verifier,breeze/runs/recipe_ablation_random_v2_full/OR_0017_r0.npy,17
phaseA_v2_random_open_loop_B150,OR,18,random_recipe_r0_without_verifier,breeze/runs/recipe_ablation_random_v2_full/OR_0018_r0.npy,18
phaseA_v2_random_open_loop_B150,OR,19,random_recipe_r0_without_verifier,breeze/runs/recipe_ablation_random_v2_full/OR_0019_r0.npy,19
phaseA_v2_random_open_loop_B150,OR,20,random_recipe_r0_without_verifier,breeze/runs/recipe_ablation_random_v2_full/OR_0020_r0.npy,20
phaseA_v2_random_open_loop_B150,OR,21,random_recipe_r0_without_verifier,breeze/runs/recipe_ablation_random_v2_full/OR_0021_r0.npy,21
phaseA_v2_random_open_loop_B150,OR,22,random_recipe_r0_without_verifier,breeze/runs/recipe_ablation_random_v2_full/OR_0022_r0.npy,22
phaseA_v2_random_open_loop_B150,OR,23,random_recipe_r0_without_verifier,breeze/runs/recipe_ablation_random_v2_full/OR_0023_r0.npy,23
phaseA_v2_random_open_loop_B150,OR,24,random_recipe_r0_without_verifier,breeze/runs/recipe_ablation_random_v2_full/OR_0024_r0.npy,24
phaseA_v2_random_open_loop_B150,OR,25,random_recipe_r0_without_verifier,breeze/runs/recipe_ablation_random_v2_full/OR_0025_r0.npy,25
phaseA_v2_random_open_loop_B150,OR,26,random_recipe_r0_without_verifier,breeze/runs/recipe_ablation_random_v2_full/OR_0026_r0.npy,26
phaseA_v2_random_open_loop_B150,OR,27,random_recipe_r0_without_verifier,breeze/runs/recipe_ablation_random_v2_full/OR_0027_r0.npy,27
phaseA_v2_random_open_loop_B150,OR,28,random_recipe_r0_without_verifier,breeze/runs/recipe_ablation_random_v2_full/OR_0028_r0.npy,28
phaseA_v2_random_open_loop_B150,OR,29,random_recipe_r0_without_verifier,breeze/runs/recipe_ablation_random_v2_full/OR_0029_r0.npy,29
phaseA_v2_random_open_loop_B150,OR,30,random_recipe_r0_without_verifier,breeze/runs/recipe_ablation_random_v2_full/OR_0030_r0.npy,30
phaseA_v2_random_open_loop_B150,OR,31,random_recipe_r0_without_verifier,breeze/runs/recipe_ablation_random_v2_full/OR_0031_r0.npy,31
phaseA_v2_random_open_loop_B150,OR,32,random_recipe_r0_without_verifier,breeze/runs/recipe_ablation_random_v2_full/OR_0032_r0.npy,32
phaseA_v2_random_open_loop_B150,OR,33,random_recipe_r0_without_verifier,breeze/runs/recipe_ablation_random_v2_full/OR_0033_r0.npy,33
phaseA_v2_random_open_loop_B150,OR,34,random_recipe_r0_without_verifier,breeze/runs/recipe_ablation_random_v2_full/OR_0034_r0.npy,34
phaseA_v2_random_open_loop_B150,OR,35,random_recipe_r0_without_verifier,breeze/runs/recipe_ablation_random_v2_full/OR_0035_r0.npy,35
phaseA_v2_random_open_loop_B150,OR,36,random_recipe_r0_without_verifier,breeze/runs/recipe_ablation_random_v2_full/OR_0036_r0.npy,36
phaseA_v2_random_open_loop_B150,OR,37,random_recipe_r0_without_verifier,breeze/runs/recipe_ablation_random_v2_full/OR_0037_r0.npy,37
phaseA_v2_random_open_loop_B150,OR,38,random_recipe_r0_without_verifier,breeze/runs/recipe_ablation_random_v2_full/OR_0038_r0.npy,38
phaseA_v2_random_open_loop_B150,OR,39,random_recipe_r0_without_verifier,breeze/runs/recipe_ablation_random_v2_full/OR_0039_r0.npy,39
phaseA_v2_random_open_loop_B150,OR,40,random_recipe_r0_without_verifier,breeze/runs/recipe_ablation_random_v2_full/OR_0040_r0.npy,40
phaseA_v2_random_open_loop_B150,OR,41,random_recipe_r0_without_verifier,breeze/runs/recipe_ablation_random_v2_full/OR_0041_r0.npy,41
phaseA_v2_random_open_loop_B150,OR,42,random_recipe_r0_without_verifier,breeze/runs/recipe_ablation_random_v2_full/OR_0042_r0.npy,42
phaseA_v2_random_open_loop_B150,OR,43,random_recipe_r0_without_verifier,breeze/runs/recipe_ablation_random_v2_full/OR_0043_r0.npy,43
phaseA_v2_random_open_loop_B150,OR,44,random_recipe_r0_without_verifier,breeze/runs/recipe_ablation_random_v2_full/OR_0044_r0.npy,44
phaseA_v2_random_open_loop_B150,OR,45,random_recipe_r0_without_verifier,breeze/runs/recipe_ablation_random_v2_full/OR_0045_r0.npy,45
phaseA_v2_random_open_loop_B150,OR,46,random_recipe_r0_without_verifier,breeze/runs/recipe_ablation_random_v2_full/OR_0046_r0.npy,46
phaseA_v2_random_open_loop_B150,OR,47,random_recipe_r0_without_verifier,breeze/runs/recipe_ablation_random_v2_full/OR_0047_r0.npy,47
phaseA_v2_random_open_loop_B150,OR,48,random_recipe_r0_without_verifier,breeze/runs/recipe_ablation_random_v2_full/OR_0048_r0.npy,48
phaseA_v2_random_open_loop_B150,OR,49,random_recipe_r0_without_verifier,breeze/runs/recipe_ablation_random_v2_full/OR_0049_r0.npy,49
phaseA_v2_random_open_loop_B150,OR,50,random_recipe_r0_without_verifier,breeze/runs/recipe_ablation_random_v2_full/OR_0050_r0.npy,50
phaseA_v2_random_open_loop_B150,OR,51,random_recipe_r0_without_verifier,breeze/runs/recipe_ablation_random_v2_full/OR_0051_r0.npy,51
phaseA_v2_random_open_loop_B150,OR,52,random_recipe_r0_without_verifier,breeze/runs/recipe_ablation_random_v2_full/OR_0052_r0.npy,52
phaseA_v2_random_open_loop_B150,OR,53,random_recipe_r0_without_verifier,breeze/runs/recipe_ablation_random_v2_full/OR_0053_r0.npy,53
phaseA_v2_random_open_loop_B150,OR,54,random_recipe_r0_without_verifier,breeze/runs/recipe_ablation_random_v2_full/OR_0054_r0.npy,54
phaseA_v2_random_open_loop_B150,OR,55,random_recipe_r0_without_verifier,breeze/runs/recipe_ablation_random_v2_full/OR_0055_r0.npy,55
phaseA_v2_random_open_loop_B150,OR,56,random_recipe_r0_without_verifier,breeze/runs/recipe_ablation_random_v2_full/OR_0056_r0.npy,56
phaseA_v2_random_open_loop_B150,OR,57,random_recipe_r0_without_verifier,breeze/runs/recipe_ablation_random_v2_full/OR_0057_r0.npy,57
phaseA_v2_random_open_loop_B150,OR,58,random_recipe_r0_without_verifier,breeze/runs/recipe_ablation_random_v2_full/OR_0058_r0.npy,58
phaseA_v2_random_open_loop_B150,OR,59,random_recipe_r0_without_verifier,breeze/runs/recipe_ablation_random_v2_full/OR_0059_r0.npy,59
phaseA_v2_random_open_loop_B150,OR,60,random_recipe_r0_without_verifier,breeze/runs/recipe_ablation_random_v2_full/OR_0060_r0.npy,60
phaseA_v2_random_open_loop_B150,OR,61,random_recipe_r0_without_verifier,breeze/runs/recipe_ablation_random_v2_full/OR_0061_r0.npy,61
phaseA_v2_random_open_loop_B150,OR,62,random_recipe_r0_without_verifier,breeze/runs/recipe_ablation_random_v2_full/OR_0062_r0.npy,62
phaseA_v2_random_open_loop_B150,OR,63,random_recipe_r0_without_verifier,breeze/runs/recipe_ablation_random_v2_full/OR_0063_r0.npy,63
phaseA_v2_random_open_loop_B150,OR,64,random_recipe_r0_without_verifier,breeze/runs/recipe_ablation_random_v2_full/OR_0064_r0.npy,64
phaseA_v2_random_open_loop_B150,OR,65,random_recipe_r0_without_verifier,breeze/runs/recipe_ablation_random_v2_full/OR_0065_r0.npy,65
phaseA_v2_random_open_loop_B150,OR,66,random_recipe_r0_without_verifier,breeze/runs/recipe_ablation_random_v2_full/OR_0066_r0.npy,66
phaseA_v2_random_open_loop_B150,OR,67,random_recipe_r0_without_verifier,breeze/runs/recipe_ablation_random_v2_full/OR_0067_r0.npy,67
phaseA_v2_random_open_loop_B150,OR,68,random_recipe_r0_without_verifier,breeze/runs/recipe_ablation_random_v2_full/OR_0068_r0.npy,68
phaseA_v2_random_open_loop_B150,OR,69,random_recipe_r0_without_verifier,breeze/runs/recipe_ablation_random_v2_full/OR_0069_r0.npy,69
phaseA_v2_random_open_loop_B150,OR,70,random_recipe_r0_without_verifier,breeze/runs/recipe_ablation_random_v2_full/OR_0070_r0.npy,70
phaseA_v2_random_open_loop_B150,OR,71,random_recipe_r0_without_verifier,breeze/runs/recipe_ablation_random_v2_full/OR_0071_r0.npy,71
phaseA_v2_random_open_loop_B150,OR,72,random_recipe_r0_without_verifier,breeze/runs/recipe_ablation_random_v2_full/OR_0072_r0.npy,72
phaseA_v2_random_open_loop_B150,OR,73,random_recipe_r0_without_verifier,breeze/runs/recipe_ablation_random_v2_full/OR_0073_r0.npy,73
phaseA_v2_random_open_loop_B150,OR,74,random_recipe_r0_without_verifier,breeze/runs/recipe_ablation_random_v2_full/OR_0074_r0.npy,74
phaseA_v2_random_open_loop_B150,OR,75,random_recipe_r0_without_verifier,breeze/runs/recipe_ablation_random_v2_full/OR_0075_r0.npy,75
phaseA_v2_random_open_loop_B150,OR,76,random_recipe_r0_without_verifier,breeze/runs/recipe_ablation_random_v2_full/OR_0076_r0.npy,76
phaseA_v2_random_open_loop_B150,OR,77,random_recipe_r0_without_verifier,breeze/runs/recipe_ablation_random_v2_full/OR_0077_r0.npy,77
phaseA_v2_random_open_loop_B150,OR,78,random_recipe_r0_without_verifier,breeze/runs/recipe_ablation_random_v2_full/OR_0078_r0.npy,78
phaseA_v2_random_open_loop_B150,OR,79,random_recipe_r0_without_verifier,breeze/runs/recipe_ablation_random_v2_full/OR_0079_r0.npy,79
phaseA_v2_random_open_loop_B150,OR,80,random_recipe_r0_without_verifier,breeze/runs/recipe_ablation_random_v2_full/OR_0080_r0.npy,80
phaseA_v2_random_open_loop_B150,OR,81,random_recipe_r0_without_verifier,breeze/runs/recipe_ablation_random_v2_full/OR_0081_r0.npy,81
phaseA_v2_random_open_loop_B150,OR,82,random_recipe_r0_without_verifier,breeze/runs/recipe_ablation_random_v2_full/OR_0082_r0.npy,82
phaseA_v2_random_open_loop_B150,OR,83,random_recipe_r0_without_verifier,breeze/runs/recipe_ablation_random_v2_full/OR_0083_r0.npy,83
phaseA_v2_random_open_loop_B150,OR,84,random_recipe_r0_without_verifier,breeze/runs/recipe_ablation_random_v2_full/OR_0084_r0.npy,84
phaseA_v2_random_open_loop_B150,OR,85,random_recipe_r0_without_verifier,breeze/runs/recipe_ablation_random_v2_full/OR_0085_r0.npy,85
phaseA_v2_random_open_loop_B150,OR,86,random_recipe_r0_without_verifier,breeze/runs/recipe_ablation_random_v2_full/OR_0086_r0.npy,86
phaseA_v2_random_open_loop_B150,OR,87,random_recipe_r0_without_verifier,breeze/runs/recipe_ablation_random_v2_full/OR_0087_r0.npy,87
phaseA_v2_random_open_loop_B150,OR,88,random_recipe_r0_without_verifier,breeze/runs/recipe_ablation_random_v2_full/OR_0088_r0.npy,88
phaseA_v2_random_open_loop_B150,OR,89,random_recipe_r0_without_verifier,breeze/runs/recipe_ablation_random_v2_full/OR_0089_r0.npy,89
phaseA_v2_random_open_loop_B150,OR,90,random_recipe_r0_without_verifier,breeze/runs/recipe_ablation_random_v2_full/OR_0090_r0.npy,90
phaseA_v2_random_open_loop_B150,OR,91,random_recipe_r0_without_verifier,breeze/runs/recipe_ablation_random_v2_full/OR_0091_r0.npy,91
phaseA_v2_random_open_loop_B150,OR,92,random_recipe_r0_without_verifier,breeze/runs/recipe_ablation_random_v2_full/OR_0092_r0.npy,92
phaseA_v2_random_open_loop_B150,OR,93,random_recipe_r0_without_verifier,breeze/runs/recipe_ablation_random_v2_full/OR_0093_r0.npy,93
phaseA_v2_random_open_loop_B150,OR,94,random_recipe_r0_without_verifier,breeze/runs/recipe_ablation_random_v2_full/OR_0094_r0.npy,94
phaseA_v2_random_open_loop_B150,OR,95,random_recipe_r0_without_verifier,breeze/runs/recipe_ablation_random_v2_full/OR_0095_r0.npy,95
phaseA_v2_random_open_loop_B150,OR,96,random_recipe_r0_without_verifier,breeze/runs/recipe_ablation_random_v2_full/OR_0096_r0.npy,96
phaseA_v2_random_open_loop_B150,OR,97,random_recipe_r0_without_verifier,breeze/runs/recipe_ablation_random_v2_full/OR_0097_r0.npy,97
phaseA_v2_random_open_loop_B150,OR,98,random_recipe_r0_without_verifier,breeze/runs/recipe_ablation_random_v2_full/OR_0098_r0.npy,98
phaseA_v2_random_open_loop_B150,OR,99,random_recipe_r0_without_verifier,breeze/runs/recipe_ablation_random_v2_full/OR_0099_r0.npy,99
phaseA_v2_random_open_loop_B150,OR,100,random_recipe_r0_without_verifier,breeze/runs/recipe_ablation_random_v2_full/OR_0100_r0.npy,100
phaseA_v2_random_open_loop_B150,OR,101,random_recipe_r0_without_verifier,breeze/runs/recipe_ablation_random_v2_full/OR_0101_r0.npy,101
phaseA_v2_random_open_loop_B150,OR,102,random_recipe_r0_without_verifier,breeze/runs/recipe_ablation_random_v2_full/OR_0102_r0.npy,102
phaseA_v2_random_open_loop_B150,OR,103,random_recipe_r0_without_verifier,breeze/runs/recipe_ablation_random_v2_full/OR_0103_r0.npy,103
phaseA_v2_random_open_loop_B150,OR,104,random_recipe_r0_without_verifier,breeze/runs/recipe_ablation_random_v2_full/OR_0104_r0.npy,104
phaseA_v2_random_open_loop_B150,OR,105,random_recipe_r0_without_verifier,breeze/runs/recipe_ablation_random_v2_full/OR_0105_r0.npy,105
phaseA_v2_random_open_loop_B150,OR,106,random_recipe_r0_without_verifier,breeze/runs/recipe_ablation_random_v2_full/OR_0106_r0.npy,106
phaseA_v2_random_open_loop_B150,OR,107,random_recipe_r0_without_verifier,breeze/runs/recipe_ablation_random_v2_full/OR_0107_r0.npy,107
phaseA_v2_random_open_loop_B150,OR,108,random_recipe_r0_without_verifier,breeze/runs/recipe_ablation_random_v2_full/OR_0108_r0.npy,108
phaseA_v2_random_open_loop_B150,OR,109,random_recipe_r0_without_verifier,breeze/runs/recipe_ablation_random_v2_full/OR_0109_r0.npy,109
phaseA_v2_random_open_loop_B150,OR,110,random_recipe_r0_without_verifier,breeze/runs/recipe_ablation_random_v2_full/OR_0110_r0.npy,110
phaseA_v2_random_open_loop_B150,OR,111,random_recipe_r0_without_verifier,breeze/runs/recipe_ablation_random_v2_full/OR_0111_r0.npy,111
phaseA_v2_random_open_loop_B150,OR,112,random_recipe_r0_without_verifier,breeze/runs/recipe_ablation_random_v2_full/OR_0112_r0.npy,112
phaseA_v2_random_open_loop_B150,OR,113,random_recipe_r0_without_verifier,breeze/runs/recipe_ablation_random_v2_full/OR_0113_r0.npy,113
phaseA_v2_random_open_loop_B150,OR,114,random_recipe_r0_without_verifier,breeze/runs/recipe_ablation_random_v2_full/OR_0114_r0.npy,114
phaseA_v2_random_open_loop_B150,OR,115,random_recipe_r0_without_verifier,breeze/runs/recipe_ablation_random_v2_full/OR_0115_r0.npy,115
phaseA_v2_random_open_loop_B150,OR,116,random_recipe_r0_without_verifier,breeze/runs/recipe_ablation_random_v2_full/OR_0116_r0.npy,116
phaseA_v2_random_open_loop_B150,OR,117,random_recipe_r0_without_verifier,breeze/runs/recipe_ablation_random_v2_full/OR_0117_r0.npy,117
phaseA_v2_random_open_loop_B150,OR,118,random_recipe_r0_without_verifier,breeze/runs/recipe_ablation_random_v2_full/OR_0118_r0.npy,118
phaseA_v2_random_open_loop_B150,OR,119,random_recipe_r0_without_verifier,breeze/runs/recipe_ablation_random_v2_full/OR_0119_r0.npy,119
phaseA_v2_random_open_loop_B150,OR,120,random_recipe_r0_without_verifier,breeze/runs/recipe_ablation_random_v2_full/OR_0120_r0.npy,120
phaseA_v2_random_open_loop_B150,OR,121,random_recipe_r0_without_verifier,breeze/runs/recipe_ablation_random_v2_full/OR_0121_r0.npy,121
phaseA_v2_random_open_loop_B150,OR,122,random_recipe_r0_without_verifier,breeze/runs/recipe_ablation_random_v2_full/OR_0122_r0.npy,122
phaseA_v2_random_open_loop_B150,OR,123,random_recipe_r0_without_verifier,breeze/runs/recipe_ablation_random_v2_full/OR_0123_r0.npy,123
phaseA_v2_random_open_loop_B150,OR,124,random_recipe_r0_without_verifier,breeze/runs/recipe_ablation_random_v2_full/OR_0124_r0.npy,124
phaseA_v2_random_open_loop_B150,OR,125,random_recipe_r0_without_verifier,breeze/runs/recipe_ablation_random_v2_full/OR_0125_r0.npy,125
phaseA_v2_random_open_loop_B150,OR,126,random_recipe_r0_without_verifier,breeze/runs/recipe_ablation_random_v2_full/OR_0126_r0.npy,126
phaseA_v2_random_open_loop_B150,OR,127,random_recipe_r0_without_verifier,breeze/runs/recipe_ablation_random_v2_full/OR_0127_r0.npy,127
phaseA_v2_random_open_loop_B150,OR,128,random_recipe_r0_without_verifier,breeze/runs/recipe_ablation_random_v2_full/OR_0128_r0.npy,128
phaseA_v2_random_open_loop_B150,OR,129,random_recipe_r0_without_verifier,breeze/runs/recipe_ablation_random_v2_full/OR_0129_r0.npy,129
phaseA_v2_random_open_loop_B150,OR,130,random_recipe_r0_without_verifier,breeze/runs/recipe_ablation_random_v2_full/OR_0130_r0.npy,130
phaseA_v2_random_open_loop_B150,OR,131,random_recipe_r0_without_verifier,breeze/runs/recipe_ablation_random_v2_full/OR_0131_r0.npy,131
phaseA_v2_random_open_loop_B150,OR,132,random_recipe_r0_without_verifier,breeze/runs/recipe_ablation_random_v2_full/OR_0132_r0.npy,132
phaseA_v2_random_open_loop_B150,OR,133,random_recipe_r0_without_verifier,breeze/runs/recipe_ablation_random_v2_full/OR_0133_r0.npy,133
phaseA_v2_random_open_loop_B150,OR,134,random_recipe_r0_without_verifier,breeze/runs/recipe_ablation_random_v2_full/OR_0134_r0.npy,134
phaseA_v2_random_open_loop_B150,OR,135,random_recipe_r0_without_verifier,breeze/runs/recipe_ablation_random_v2_full/OR_0135_r0.npy,135
phaseA_v2_random_open_loop_B150,OR,136,random_recipe_r0_without_verifier,breeze/runs/recipe_ablation_random_v2_full/OR_0136_r0.npy,136
phaseA_v2_random_open_loop_B150,OR,137,random_recipe_r0_without_verifier,breeze/runs/recipe_ablation_random_v2_full/OR_0137_r0.npy,137
phaseA_v2_random_open_loop_B150,OR,138,random_recipe_r0_without_verifier,breeze/runs/recipe_ablation_random_v2_full/OR_0138_r0.npy,138
phaseA_v2_random_open_loop_B150,OR,139,random_recipe_r0_without_verifier,breeze/runs/recipe_ablation_random_v2_full/OR_0139_r0.npy,139
phaseA_v2_random_open_loop_B150,OR,140,random_recipe_r0_without_verifier,breeze/runs/recipe_ablation_random_v2_full/OR_0140_r0.npy,140
phaseA_v2_random_open_loop_B150,OR,141,random_recipe_r0_without_verifier,breeze/runs/recipe_ablation_random_v2_full/OR_0141_r0.npy,141
phaseA_v2_random_open_loop_B150,OR,142,random_recipe_r0_without_verifier,breeze/runs/recipe_ablation_random_v2_full/OR_0142_r0.npy,142
phaseA_v2_random_open_loop_B150,OR,143,random_recipe_r0_without_verifier,breeze/runs/recipe_ablation_random_v2_full/OR_0143_r0.npy,143
phaseA_v2_random_open_loop_B150,OR,144,random_recipe_r0_without_verifier,breeze/runs/recipe_ablation_random_v2_full/OR_0144_r0.npy,144
phaseA_v2_random_open_loop_B150,OR,145,random_recipe_r0_without_verifier,breeze/runs/recipe_ablation_random_v2_full/OR_0145_r0.npy,145
phaseA_v2_random_open_loop_B150,OR,146,random_recipe_r0_without_verifier,breeze/runs/recipe_ablation_random_v2_full/OR_0146_r0.npy,146
phaseA_v2_random_open_loop_B150,OR,147,random_recipe_r0_without_verifier,breeze/runs/recipe_ablation_random_v2_full/OR_0147_r0.npy,147
phaseA_v2_random_open_loop_B150,OR,148,random_recipe_r0_without_verifier,breeze/runs/recipe_ablation_random_v2_full/OR_0148_r0.npy,148
phaseA_v2_random_open_loop_B150,OR,149,random_recipe_r0_without_verifier,breeze/runs/recipe_ablation_random_v2_full/OR_0149_r0.npy,149
phaseA_v2_random_open_loop_B150,IR,0,random_recipe_r0_without_verifier,breeze/runs/recipe_ablation_random_v2_full/IR_0000_r0.npy,0
phaseA_v2_random_open_loop_B150,IR,1,random_recipe_r0_without_verifier,breeze/runs/recipe_ablation_random_v2_full/IR_0001_r0.npy,1
phaseA_v2_random_open_loop_B150,IR,2,random_recipe_r0_without_verifier,breeze/runs/recipe_ablation_random_v2_full/IR_0002_r0.npy,2
phaseA_v2_random_open_loop_B150,IR,3,random_recipe_r0_without_verifier,breeze/runs/recipe_ablation_random_v2_full/IR_0003_r0.npy,3
phaseA_v2_random_open_loop_B150,IR,4,random_recipe_r0_without_verifier,breeze/runs/recipe_ablation_random_v2_full/IR_0004_r0.npy,4
phaseA_v2_random_open_loop_B150,IR,5,random_recipe_r0_without_verifier,breeze/runs/recipe_ablation_random_v2_full/IR_0005_r0.npy,5
phaseA_v2_random_open_loop_B150,IR,6,random_recipe_r0_without_verifier,breeze/runs/recipe_ablation_random_v2_full/IR_0006_r0.npy,6
phaseA_v2_random_open_loop_B150,IR,7,random_recipe_r0_without_verifier,breeze/runs/recipe_ablation_random_v2_full/IR_0007_r0.npy,7
phaseA_v2_random_open_loop_B150,IR,8,random_recipe_r0_without_verifier,breeze/runs/recipe_ablation_random_v2_full/IR_0008_r0.npy,8
phaseA_v2_random_open_loop_B150,IR,9,random_recipe_r0_without_verifier,breeze/runs/recipe_ablation_random_v2_full/IR_0009_r0.npy,9
phaseA_v2_random_open_loop_B150,IR,10,random_recipe_r0_without_verifier,breeze/runs/recipe_ablation_random_v2_full/IR_0010_r0.npy,10
phaseA_v2_random_open_loop_B150,IR,11,random_recipe_r0_without_verifier,breeze/runs/recipe_ablation_random_v2_full/IR_0011_r0.npy,11
phaseA_v2_random_open_loop_B150,IR,12,random_recipe_r0_without_verifier,breeze/runs/recipe_ablation_random_v2_full/IR_0012_r0.npy,12
phaseA_v2_random_open_loop_B150,IR,13,random_recipe_r0_without_verifier,breeze/runs/recipe_ablation_random_v2_full/IR_0013_r0.npy,13
phaseA_v2_random_open_loop_B150,IR,14,random_recipe_r0_without_verifier,breeze/runs/recipe_ablation_random_v2_full/IR_0014_r0.npy,14
phaseA_v2_random_open_loop_B150,IR,15,random_recipe_r0_without_verifier,breeze/runs/recipe_ablation_random_v2_full/IR_0015_r0.npy,15
phaseA_v2_random_open_loop_B150,IR,16,random_recipe_r0_without_verifier,breeze/runs/recipe_ablation_random_v2_full/IR_0016_r0.npy,16
phaseA_v2_random_open_loop_B150,IR,17,random_recipe_r0_without_verifier,breeze/runs/recipe_ablation_random_v2_full/IR_0017_r0.npy,17
phaseA_v2_random_open_loop_B150,IR,18,random_recipe_r0_without_verifier,breeze/runs/recipe_ablation_random_v2_full/IR_0018_r0.npy,18
phaseA_v2_random_open_loop_B150,IR,19,random_recipe_r0_without_verifier,breeze/runs/recipe_ablation_random_v2_full/IR_0019_r0.npy,19
phaseA_v2_random_open_loop_B150,IR,20,random_recipe_r0_without_verifier,breeze/runs/recipe_ablation_random_v2_full/IR_0020_r0.npy,20
phaseA_v2_random_open_loop_B150,IR,21,random_recipe_r0_without_verifier,breeze/runs/recipe_ablation_random_v2_full/IR_0021_r0.npy,21
phaseA_v2_random_open_loop_B150,IR,22,random_recipe_r0_without_verifier,breeze/runs/recipe_ablation_random_v2_full/IR_0022_r0.npy,22
phaseA_v2_random_open_loop_B150,IR,23,random_recipe_r0_without_verifier,breeze/runs/recipe_ablation_random_v2_full/IR_0023_r0.npy,23
phaseA_v2_random_open_loop_B150,IR,24,random_recipe_r0_without_verifier,breeze/runs/recipe_ablation_random_v2_full/IR_0024_r0.npy,24
phaseA_v2_random_open_loop_B150,IR,25,random_recipe_r0_without_verifier,breeze/runs/recipe_ablation_random_v2_full/IR_0025_r0.npy,25
phaseA_v2_random_open_loop_B150,IR,26,random_recipe_r0_without_verifier,breeze/runs/recipe_ablation_random_v2_full/IR_0026_r0.npy,26
phaseA_v2_random_open_loop_B150,IR,27,random_recipe_r0_without_verifier,breeze/runs/recipe_ablation_random_v2_full/IR_0027_r0.npy,27
phaseA_v2_random_open_loop_B150,IR,28,random_recipe_r0_without_verifier,breeze/runs/recipe_ablation_random_v2_full/IR_0028_r0.npy,28
phaseA_v2_random_open_loop_B150,IR,29,random_recipe_r0_without_verifier,breeze/runs/recipe_ablation_random_v2_full/IR_0029_r0.npy,29
phaseA_v2_random_open_loop_B150,IR,30,random_recipe_r0_without_verifier,breeze/runs/recipe_ablation_random_v2_full/IR_0030_r0.npy,30
phaseA_v2_random_open_loop_B150,IR,31,random_recipe_r0_without_verifier,breeze/runs/recipe_ablation_random_v2_full/IR_0031_r0.npy,31
phaseA_v2_random_open_loop_B150,IR,32,random_recipe_r0_without_verifier,breeze/runs/recipe_ablation_random_v2_full/IR_0032_r0.npy,32
phaseA_v2_random_open_loop_B150,IR,33,random_recipe_r0_without_verifier,breeze/runs/recipe_ablation_random_v2_full/IR_0033_r0.npy,33
phaseA_v2_random_open_loop_B150,IR,34,random_recipe_r0_without_verifier,breeze/runs/recipe_ablation_random_v2_full/IR_0034_r0.npy,34
phaseA_v2_random_open_loop_B150,IR,35,random_recipe_r0_without_verifier,breeze/runs/recipe_ablation_random_v2_full/IR_0035_r0.npy,35
phaseA_v2_random_open_loop_B150,IR,36,random_recipe_r0_without_verifier,breeze/runs/recipe_ablation_random_v2_full/IR_0036_r0.npy,36
phaseA_v2_random_open_loop_B150,IR,37,random_recipe_r0_without_verifier,breeze/runs/recipe_ablation_random_v2_full/IR_0037_r0.npy,37
phaseA_v2_random_open_loop_B150,IR,38,random_recipe_r0_without_verifier,breeze/runs/recipe_ablation_random_v2_full/IR_0038_r0.npy,38
phaseA_v2_random_open_loop_B150,IR,39,random_recipe_r0_without_verifier,breeze/runs/recipe_ablation_random_v2_full/IR_0039_r0.npy,39
phaseA_v2_random_open_loop_B150,IR,40,random_recipe_r0_without_verifier,breeze/runs/recipe_ablation_random_v2_full/IR_0040_r0.npy,40
phaseA_v2_random_open_loop_B150,IR,41,random_recipe_r0_without_verifier,breeze/runs/recipe_ablation_random_v2_full/IR_0041_r0.npy,41
phaseA_v2_random_open_loop_B150,IR,42,random_recipe_r0_without_verifier,breeze/runs/recipe_ablation_random_v2_full/IR_0042_r0.npy,42
phaseA_v2_random_open_loop_B150,IR,43,random_recipe_r0_without_verifier,breeze/runs/recipe_ablation_random_v2_full/IR_0043_r0.npy,43
phaseA_v2_random_open_loop_B150,IR,44,random_recipe_r0_without_verifier,breeze/runs/recipe_ablation_random_v2_full/IR_0044_r0.npy,44
phaseA_v2_random_open_loop_B150,IR,45,random_recipe_r0_without_verifier,breeze/runs/recipe_ablation_random_v2_full/IR_0045_r0.npy,45
phaseA_v2_random_open_loop_B150,IR,46,random_recipe_r0_without_verifier,breeze/runs/recipe_ablation_random_v2_full/IR_0046_r0.npy,46
phaseA_v2_random_open_loop_B150,IR,47,random_recipe_r0_without_verifier,breeze/runs/recipe_ablation_random_v2_full/IR_0047_r0.npy,47
phaseA_v2_random_open_loop_B150,IR,48,random_recipe_r0_without_verifier,breeze/runs/recipe_ablation_random_v2_full/IR_0048_r0.npy,48
phaseA_v2_random_open_loop_B150,IR,49,random_recipe_r0_without_verifier,breeze/runs/recipe_ablation_random_v2_full/IR_0049_r0.npy,49
phaseA_v2_random_open_loop_B150,IR,50,random_recipe_r0_without_verifier,breeze/runs/recipe_ablation_random_v2_full/IR_0050_r0.npy,50
phaseA_v2_random_open_loop_B150,IR,51,random_recipe_r0_without_verifier,breeze/runs/recipe_ablation_random_v2_full/IR_0051_r0.npy,51
phaseA_v2_random_open_loop_B150,IR,52,random_recipe_r0_without_verifier,breeze/runs/recipe_ablation_random_v2_full/IR_0052_r0.npy,52
phaseA_v2_random_open_loop_B150,IR,53,random_recipe_r0_without_verifier,breeze/runs/recipe_ablation_random_v2_full/IR_0053_r0.npy,53
phaseA_v2_random_open_loop_B150,IR,54,random_recipe_r0_without_verifier,breeze/runs/recipe_ablation_random_v2_full/IR_0054_r0.npy,54
phaseA_v2_random_open_loop_B150,IR,55,random_recipe_r0_without_verifier,breeze/runs/recipe_ablation_random_v2_full/IR_0055_r0.npy,55
phaseA_v2_random_open_loop_B150,IR,56,random_recipe_r0_without_verifier,breeze/runs/recipe_ablation_random_v2_full/IR_0056_r0.npy,56
phaseA_v2_random_open_loop_B150,IR,57,random_recipe_r0_without_verifier,breeze/runs/recipe_ablation_random_v2_full/IR_0057_r0.npy,57
phaseA_v2_random_open_loop_B150,IR,58,random_recipe_r0_without_verifier,breeze/runs/recipe_ablation_random_v2_full/IR_0058_r0.npy,58
phaseA_v2_random_open_loop_B150,IR,59,random_recipe_r0_without_verifier,breeze/runs/recipe_ablation_random_v2_full/IR_0059_r0.npy,59
phaseA_v2_random_open_loop_B150,IR,60,random_recipe_r0_without_verifier,breeze/runs/recipe_ablation_random_v2_full/IR_0060_r0.npy,60
phaseA_v2_random_open_loop_B150,IR,61,random_recipe_r0_without_verifier,breeze/runs/recipe_ablation_random_v2_full/IR_0061_r0.npy,61
phaseA_v2_random_open_loop_B150,IR,62,random_recipe_r0_without_verifier,breeze/runs/recipe_ablation_random_v2_full/IR_0062_r0.npy,62
phaseA_v2_random_open_loop_B150,IR,63,random_recipe_r0_without_verifier,breeze/runs/recipe_ablation_random_v2_full/IR_0063_r0.npy,63
phaseA_v2_random_open_loop_B150,IR,64,random_recipe_r0_without_verifier,breeze/runs/recipe_ablation_random_v2_full/IR_0064_r0.npy,64
phaseA_v2_random_open_loop_B150,IR,65,random_recipe_r0_without_verifier,breeze/runs/recipe_ablation_random_v2_full/IR_0065_r0.npy,65
phaseA_v2_random_open_loop_B150,IR,66,random_recipe_r0_without_verifier,breeze/runs/recipe_ablation_random_v2_full/IR_0066_r0.npy,66
phaseA_v2_random_open_loop_B150,IR,67,random_recipe_r0_without_verifier,breeze/runs/recipe_ablation_random_v2_full/IR_0067_r0.npy,67
phaseA_v2_random_open_loop_B150,IR,68,random_recipe_r0_without_verifier,breeze/runs/recipe_ablation_random_v2_full/IR_0068_r0.npy,68
phaseA_v2_random_open_loop_B150,IR,69,random_recipe_r0_without_verifier,breeze/runs/recipe_ablation_random_v2_full/IR_0069_r0.npy,69
phaseA_v2_random_open_loop_B150,IR,70,random_recipe_r0_without_verifier,breeze/runs/recipe_ablation_random_v2_full/IR_0070_r0.npy,70
phaseA_v2_random_open_loop_B150,IR,71,random_recipe_r0_without_verifier,breeze/runs/recipe_ablation_random_v2_full/IR_0071_r0.npy,71
phaseA_v2_random_open_loop_B150,IR,72,random_recipe_r0_without_verifier,breeze/runs/recipe_ablation_random_v2_full/IR_0072_r0.npy,72
phaseA_v2_random_open_loop_B150,IR,73,random_recipe_r0_without_verifier,breeze/runs/recipe_ablation_random_v2_full/IR_0073_r0.npy,73
phaseA_v2_random_open_loop_B150,IR,74,random_recipe_r0_without_verifier,breeze/runs/recipe_ablation_random_v2_full/IR_0074_r0.npy,74
phaseA_v2_random_open_loop_B150,IR,75,random_recipe_r0_without_verifier,breeze/runs/recipe_ablation_random_v2_full/IR_0075_r0.npy,75
phaseA_v2_random_open_loop_B150,IR,76,random_recipe_r0_without_verifier,breeze/runs/recipe_ablation_random_v2_full/IR_0076_r0.npy,76
phaseA_v2_random_open_loop_B150,IR,77,random_recipe_r0_without_verifier,breeze/runs/recipe_ablation_random_v2_full/IR_0077_r0.npy,77
phaseA_v2_random_open_loop_B150,IR,78,random_recipe_r0_without_verifier,breeze/runs/recipe_ablation_random_v2_full/IR_0078_r0.npy,78
phaseA_v2_random_open_loop_B150,IR,79,random_recipe_r0_without_verifier,breeze/runs/recipe_ablation_random_v2_full/IR_0079_r0.npy,79
phaseA_v2_random_open_loop_B150,IR,80,random_recipe_r0_without_verifier,breeze/runs/recipe_ablation_random_v2_full/IR_0080_r0.npy,80
phaseA_v2_random_open_loop_B150,IR,81,random_recipe_r0_without_verifier,breeze/runs/recipe_ablation_random_v2_full/IR_0081_r0.npy,81
phaseA_v2_random_open_loop_B150,IR,82,random_recipe_r0_without_verifier,breeze/runs/recipe_ablation_random_v2_full/IR_0082_r0.npy,82
phaseA_v2_random_open_loop_B150,IR,83,random_recipe_r0_without_verifier,breeze/runs/recipe_ablation_random_v2_full/IR_0083_r0.npy,83
phaseA_v2_random_open_loop_B150,IR,84,random_recipe_r0_without_verifier,breeze/runs/recipe_ablation_random_v2_full/IR_0084_r0.npy,84
phaseA_v2_random_open_loop_B150,IR,85,random_recipe_r0_without_verifier,breeze/runs/recipe_ablation_random_v2_full/IR_0085_r0.npy,85
phaseA_v2_random_open_loop_B150,IR,86,random_recipe_r0_without_verifier,breeze/runs/recipe_ablation_random_v2_full/IR_0086_r0.npy,86
phaseA_v2_random_open_loop_B150,IR,87,random_recipe_r0_without_verifier,breeze/runs/recipe_ablation_random_v2_full/IR_0087_r0.npy,87
phaseA_v2_random_open_loop_B150,IR,88,random_recipe_r0_without_verifier,breeze/runs/recipe_ablation_random_v2_full/IR_0088_r0.npy,88
phaseA_v2_random_open_loop_B150,IR,89,random_recipe_r0_without_verifier,breeze/runs/recipe_ablation_random_v2_full/IR_0089_r0.npy,89
phaseA_v2_random_open_loop_B150,IR,90,random_recipe_r0_without_verifier,breeze/runs/recipe_ablation_random_v2_full/IR_0090_r0.npy,90
phaseA_v2_random_open_loop_B150,IR,91,random_recipe_r0_without_verifier,breeze/runs/recipe_ablation_random_v2_full/IR_0091_r0.npy,91
phaseA_v2_random_open_loop_B150,IR,92,random_recipe_r0_without_verifier,breeze/runs/recipe_ablation_random_v2_full/IR_0092_r0.npy,92
phaseA_v2_random_open_loop_B150,IR,93,random_recipe_r0_without_verifier,breeze/runs/recipe_ablation_random_v2_full/IR_0093_r0.npy,93
phaseA_v2_random_open_loop_B150,IR,94,random_recipe_r0_without_verifier,breeze/runs/recipe_ablation_random_v2_full/IR_0094_r0.npy,94
phaseA_v2_random_open_loop_B150,IR,95,random_recipe_r0_without_verifier,breeze/runs/recipe_ablation_random_v2_full/IR_0095_r0.npy,95
phaseA_v2_random_open_loop_B150,IR,96,random_recipe_r0_without_verifier,breeze/runs/recipe_ablation_random_v2_full/IR_0096_r0.npy,96
phaseA_v2_random_open_loop_B150,IR,97,random_recipe_r0_without_verifier,breeze/runs/recipe_ablation_random_v2_full/IR_0097_r0.npy,97
phaseA_v2_random_open_loop_B150,IR,98,random_recipe_r0_without_verifier,breeze/runs/recipe_ablation_random_v2_full/IR_0098_r0.npy,98
phaseA_v2_random_open_loop_B150,IR,99,random_recipe_r0_without_verifier,breeze/runs/recipe_ablation_random_v2_full/IR_0099_r0.npy,99
phaseA_v2_random_open_loop_B150,IR,100,random_recipe_r0_without_verifier,breeze/runs/recipe_ablation_random_v2_full/IR_0100_r0.npy,100
phaseA_v2_random_open_loop_B150,IR,101,random_recipe_r0_without_verifier,breeze/runs/recipe_ablation_random_v2_full/IR_0101_r0.npy,101
phaseA_v2_random_open_loop_B150,IR,102,random_recipe_r0_without_verifier,breeze/runs/recipe_ablation_random_v2_full/IR_0102_r0.npy,102
phaseA_v2_random_open_loop_B150,IR,103,random_recipe_r0_without_verifier,breeze/runs/recipe_ablation_random_v2_full/IR_0103_r0.npy,103
phaseA_v2_random_open_loop_B150,IR,104,random_recipe_r0_without_verifier,breeze/runs/recipe_ablation_random_v2_full/IR_0104_r0.npy,104
phaseA_v2_random_open_loop_B150,IR,105,random_recipe_r0_without_verifier,breeze/runs/recipe_ablation_random_v2_full/IR_0105_r0.npy,105
phaseA_v2_random_open_loop_B150,IR,106,random_recipe_r0_without_verifier,breeze/runs/recipe_ablation_random_v2_full/IR_0106_r0.npy,106
phaseA_v2_random_open_loop_B150,IR,107,random_recipe_r0_without_verifier,breeze/runs/recipe_ablation_random_v2_full/IR_0107_r0.npy,107
phaseA_v2_random_open_loop_B150,IR,108,random_recipe_r0_without_verifier,breeze/runs/recipe_ablation_random_v2_full/IR_0108_r0.npy,108
phaseA_v2_random_open_loop_B150,IR,109,random_recipe_r0_without_verifier,breeze/runs/recipe_ablation_random_v2_full/IR_0109_r0.npy,109
phaseA_v2_random_open_loop_B150,IR,110,random_recipe_r0_without_verifier,breeze/runs/recipe_ablation_random_v2_full/IR_0110_r0.npy,110
phaseA_v2_random_open_loop_B150,IR,111,random_recipe_r0_without_verifier,breeze/runs/recipe_ablation_random_v2_full/IR_0111_r0.npy,111
phaseA_v2_random_open_loop_B150,IR,112,random_recipe_r0_without_verifier,breeze/runs/recipe_ablation_random_v2_full/IR_0112_r0.npy,112
phaseA_v2_random_open_loop_B150,IR,113,random_recipe_r0_without_verifier,breeze/runs/recipe_ablation_random_v2_full/IR_0113_r0.npy,113
phaseA_v2_random_open_loop_B150,IR,114,random_recipe_r0_without_verifier,breeze/runs/recipe_ablation_random_v2_full/IR_0114_r0.npy,114
phaseA_v2_random_open_loop_B150,IR,115,random_recipe_r0_without_verifier,breeze/runs/recipe_ablation_random_v2_full/IR_0115_r0.npy,115
phaseA_v2_random_open_loop_B150,IR,116,random_recipe_r0_without_verifier,breeze/runs/recipe_ablation_random_v2_full/IR_0116_r0.npy,116
phaseA_v2_random_open_loop_B150,IR,117,random_recipe_r0_without_verifier,breeze/runs/recipe_ablation_random_v2_full/IR_0117_r0.npy,117
phaseA_v2_random_open_loop_B150,IR,118,random_recipe_r0_without_verifier,breeze/runs/recipe_ablation_random_v2_full/IR_0118_r0.npy,118
phaseA_v2_random_open_loop_B150,IR,119,random_recipe_r0_without_verifier,breeze/runs/recipe_ablation_random_v2_full/IR_0119_r0.npy,119
phaseA_v2_random_open_loop_B150,IR,120,random_recipe_r0_without_verifier,breeze/runs/recipe_ablation_random_v2_full/IR_0120_r0.npy,120
phaseA_v2_random_open_loop_B150,IR,121,random_recipe_r0_without_verifier,breeze/runs/recipe_ablation_random_v2_full/IR_0121_r0.npy,121
phaseA_v2_random_open_loop_B150,IR,122,random_recipe_r0_without_verifier,breeze/runs/recipe_ablation_random_v2_full/IR_0122_r0.npy,122
phaseA_v2_random_open_loop_B150,IR,123,random_recipe_r0_without_verifier,breeze/runs/recipe_ablation_random_v2_full/IR_0123_r0.npy,123
phaseA_v2_random_open_loop_B150,IR,124,random_recipe_r0_without_verifier,breeze/runs/recipe_ablation_random_v2_full/IR_0124_r0.npy,124
phaseA_v2_random_open_loop_B150,IR,125,random_recipe_r0_without_verifier,breeze/runs/recipe_ablation_random_v2_full/IR_0125_r0.npy,125
phaseA_v2_random_open_loop_B150,IR,126,random_recipe_r0_without_verifier,breeze/runs/recipe_ablation_random_v2_full/IR_0126_r0.npy,126
phaseA_v2_random_open_loop_B150,IR,127,random_recipe_r0_without_verifier,breeze/runs/recipe_ablation_random_v2_full/IR_0127_r0.npy,127
phaseA_v2_random_open_loop_B150,IR,128,random_recipe_r0_without_verifier,breeze/runs/recipe_ablation_random_v2_full/IR_0128_r0.npy,128
phaseA_v2_random_open_loop_B150,IR,129,random_recipe_r0_without_verifier,breeze/runs/recipe_ablation_random_v2_full/IR_0129_r0.npy,129
phaseA_v2_random_open_loop_B150,IR,130,random_recipe_r0_without_verifier,breeze/runs/recipe_ablation_random_v2_full/IR_0130_r0.npy,130
phaseA_v2_random_open_loop_B150,IR,131,random_recipe_r0_without_verifier,breeze/runs/recipe_ablation_random_v2_full/IR_0131_r0.npy,131
phaseA_v2_random_open_loop_B150,IR,132,random_recipe_r0_without_verifier,breeze/runs/recipe_ablation_random_v2_full/IR_0132_r0.npy,132
phaseA_v2_random_open_loop_B150,IR,133,random_recipe_r0_without_verifier,breeze/runs/recipe_ablation_random_v2_full/IR_0133_r0.npy,133
phaseA_v2_random_open_loop_B150,IR,134,random_recipe_r0_without_verifier,breeze/runs/recipe_ablation_random_v2_full/IR_0134_r0.npy,134
phaseA_v2_random_open_loop_B150,IR,135,random_recipe_r0_without_verifier,breeze/runs/recipe_ablation_random_v2_full/IR_0135_r0.npy,135
phaseA_v2_random_open_loop_B150,IR,136,random_recipe_r0_without_verifier,breeze/runs/recipe_ablation_random_v2_full/IR_0136_r0.npy,136
phaseA_v2_random_open_loop_B150,IR,137,random_recipe_r0_without_verifier,breeze/runs/recipe_ablation_random_v2_full/IR_0137_r0.npy,137
phaseA_v2_random_open_loop_B150,IR,138,random_recipe_r0_without_verifier,breeze/runs/recipe_ablation_random_v2_full/IR_0138_r0.npy,138
phaseA_v2_random_open_loop_B150,IR,139,random_recipe_r0_without_verifier,breeze/runs/recipe_ablation_random_v2_full/IR_0139_r0.npy,139
phaseA_v2_random_open_loop_B150,IR,140,random_recipe_r0_without_verifier,breeze/runs/recipe_ablation_random_v2_full/IR_0140_r0.npy,140
phaseA_v2_random_open_loop_B150,IR,141,random_recipe_r0_without_verifier,breeze/runs/recipe_ablation_random_v2_full/IR_0141_r0.npy,141
phaseA_v2_random_open_loop_B150,IR,142,random_recipe_r0_without_verifier,breeze/runs/recipe_ablation_random_v2_full/IR_0142_r0.npy,142
phaseA_v2_random_open_loop_B150,IR,143,random_recipe_r0_without_verifier,breeze/runs/recipe_ablation_random_v2_full/IR_0143_r0.npy,143
phaseA_v2_random_open_loop_B150,IR,144,random_recipe_r0_without_verifier,breeze/runs/recipe_ablation_random_v2_full/IR_0144_r0.npy,144
phaseA_v2_random_open_loop_B150,IR,145,random_recipe_r0_without_verifier,breeze/runs/recipe_ablation_random_v2_full/IR_0145_r0.npy,145
phaseA_v2_random_open_loop_B150,IR,146,random_recipe_r0_without_verifier,breeze/runs/recipe_ablation_random_v2_full/IR_0146_r0.npy,146
phaseA_v2_random_open_loop_B150,IR,147,random_recipe_r0_without_verifier,breeze/runs/recipe_ablation_random_v2_full/IR_0147_r0.npy,147
phaseA_v2_random_open_loop_B150,IR,148,random_recipe_r0_without_verifier,breeze/runs/recipe_ablation_random_v2_full/IR_0148_r0.npy,148
phaseA_v2_random_open_loop_B150,IR,149,random_recipe_r0_without_verifier,breeze/runs/recipe_ablation_random_v2_full/IR_0149_r0.npy,149
